instruction,context,response
Which gods were worshiped here?,It is a cult building in which the worship of the god asklepios and the goddess aphrodite was housed,God Asklepios and the goddess Aphrodite were worshiped here in this building.
What also the building housed?,the building also housed the worship of the samothracian gods,It housed the worship of Samothracian gods.
From what was this building was build?,"it is an oblong building with dimensions of seventeen point fourty to eleven point fifty meters, made of slate, which consists of two independent rooms opening to the east on a doric portico",It was built from slate.
What building it is and what dimensions it has?,"it is an oblong building with dimensions of seventeen point fourty to eleven point fifty meters, made of slate, which consists of two independent rooms opening to the east on a doric portico",It is an oblong building with dimensions of seventeen point fourty to eleven point fifty meters.
Where it was build?,"it is erected on a strong rise in the west, with a maximum surviving height of two point eighty meters",It was erected on the west on a strong rise.
With what the walls were plastered?,"the walls of the building were plastered with red mortar which survives its original placement in some places, both internally and externally",The walls were plastered with red mortar.
What the different configuration of pebbles indicates according to the excavator?,"according to the excavator, the different configuration of the pebbles in contact with the wall is a clear indication of the placement of couches around the perimeter of the walls, possibly for holding dinners or for sleeping","According to the excavator, the placement of the pebbles show that dinners were held there or was a place for sleeping."
What is the use of this smaller space?,"the smaller space preserves the foundation of a pedestal, measuring one twenty x zero eighty meters, probably intended to support a cult statue",The use of this small space was probably to support the cult statue.
When  the doric portico was abolished?,"the doric portico, which in its original phase was single, was divided, or more likely abolished in roman times",The doric portico was abolished to roman times.
What is in contact with the pilaster?,"in contact with the pilaster is the opening of the water tank, carved into the natural rock",A water tank.
How the filling of the tank was achieved?,"the filling of the tank was achieved through an overflow channel, which connected the tank to the collector",Through an overflow channel.
From where the water was directed?,the water was directed from the roof to the collector and ended up in the tank through a pipe,From the roof to the collector.
With what the collector and the tank was covered?,"the interior of both the collector and the tank was covered with hydraulic mortar, making the tank watertight",With hydraulic mortar.
What the proximity attests?,"the proximity of the reservoir to the building attests to the inseparable relationship between the two and that the water collected was intended for the needs of the sanctuary, while the collector could also serve as a purification tank",The inseparable relationship between the reservoir and the building.
What was found?,"a marble head of asclepius from the late hellenistic period, as well as an inscribed colonnade of the first second century, dedicated to asclepius by a certain callisto where found",A marble head of asclepius and an inscribed colonnade.
What was also found?,"a small head of aphrodite from the hellenistic period, and a clay head of demeter from a large figurine from the late classical period was found also",A small head of Aphrodite and a clay head of Demeter.
From when the building is dated?,this building is dated to the late classical to early hellenistic times.,From late classical to early hellenistic times.
With what is building two connected?,"the elongated broad-fronted building two is directly connected to building one due to the proximity of the two, and is likely to be an ancillary building associated with the cult building one",Is connected to building one.
When the construction is dated?,its construction dates back to the hellenistic period,It is dated back to hellenistic period.
What function did it had?,it is possible that it had a religious function. ,A religious function.
What dimensions did it had?,"it has dimensions of twenty by three by eight meters and has four rectangular rooms of about four meters, which communicate with a corridor to the east, two meters wide",It haD dimensions of twenty by three by eight meter.
How the building was accesed?,"access to the building was via steps in the long narrow corridor, from the south and north sides",Via steps in the long narrow corridor.
What came to light from the excavations?,"the interior spaces are preserved at the level of the sub-foundation, from the excavation of which findings from the geometric to hellenistic times came to light like relief pithos, attic ink vessels, relief skyphos, textile weights, commercial amphorae, figurines and bronze articles of clothing are mentioned as examples","Findings from the geometric to hellenistic times, like relief pithos, attic ink vessels, relief skyphos, textile weights, commercial amphorae, figurines and bronze articles of clothing."
On what it was based?,based on their masonry and the study of their finds,On masonry and the study of their finds.
When the buildings are dated?,"buildings one and two seem to be dated to the late classical to early hellenistic times, a period where there seems to be a plan to commemorate the upper city, with the construction of monumental buildings",They are dated to the late classical to early hellenistic times.
What is between the buildings?,"between the buildings, a four-meter-wide scale is inserted that ended in a simple propyla",A four-meter-wide scale.
What did it formed?,"it probably forms the upper part of the central staircase that started from the port, passed through the central fountain and ended in the sanctuaries of the upper city",The upper part of the central staircase.
What was found during the excavations?,"during its excavation, a lot of pottery, figurines, lighting vessels and several animal bones were found, some of which probably come from building one","A lot of pottery, figurines, lighting vessels and several animal bones."
Did this area received significant intervention?,"this area received some significant intervention in the roman period, when reddened earth, with many animal bones and pottery (mainly hellenistic-roman lamps), probably from the altar area, were piled up there and the stepped access in the se corner was formed of building two",Yes it did.
What came to light?,corresponding stepped accesses to the plateau came to light both parallel to the south side of building one and to the north of building two,Corresponding stepped accesses.
Why is this area important?,"this area with buildings one and two is important among other things because of the presence of many marble sculptures and also inscriptions, which are rare from kythnos, which lead to the identification of the deities worshiped here",is important among other things because of the presence of many marble sculptures and also inscriptions that lead to the identification of the deities worshiped here.
With what can the cult of asclepius be connected?,the cult of asclepius can be connected with the hot springs of kolona and loutra.,With the hot springs of kolona and loutra.
Which is the most important excavated area?,the most important excavated complex in the area of the ancient city to date is the sanctuary of the middle plateau,The sanctuary of the middle plateau.
When is the sanctuary dated?,"it is a sanctuary of the archaic, classical and hellenistic times",To classical and hellenistic times.
Which deities are worshiped here?,"the sanctuary (with the temple, building three) systematically excavated until two thousand and six was probably dedicated to the sister deities apollo and artemis, and its excavation yielded hundreds of valuable dedications (about one thousand and five hundred) from a wide range of materials, as the "" shelter"" of the temple in which they were placed was untouched and all the artefacts were found in their place (in situ)",The deities Apollo and Artemis.
What tributes are they?,these are mostly valuable tributes mostly dated in archaic times,Valuable tributes.
From where these findings come from?,"these findings seem to come from many areas not only of the aegean but also of the mediterranean in general, underlining the importance and radiance of the sanctuary in question",From many areas like aegean and mediterranean. 
What can be estimated from the finds?,"both the wealth and the varied and exotic origins of the finds lead to the revision of the image of relative poverty we had formed for ancient kythnos, which, until now, arose from the scant philological and epigraphic evidence available",Both the wealth and the varied and exotic origins of the finds lead to the revision of the image of relative poverty.
Where the special significance lie?,"the special significance of the sanctuary lies in the fact that the ""shelter"" of the temple was found undisturbed, something extremely rare for an ancient temple","That the ""shelter"" of the temple was found undisturbed."
What form does the temple had?,"regarding the form of the temple, it is a rectangular doric building in the doric style made of slate with the addition of conch shells to the upper structure",It was a rectangular doric building.
What dimensions did it had?,it had dimensions of eight point five x two point nine m and a western orientation. the temple had a twin house with a common partition and facade,Eight point five x two point nine
What diameter the temple had?,the temple surrounds a foundation outside with diameter about fourteen eight point sixty five meters,About fourteen eight point sixty five meters.
What was added to the main temple?,"some transverse struts connecting the main temple to this foundation, creating the image of a rectangular grid, were added during hellenistic times in order to strengthen the building, which was apparently in danger of collapsing",Some transverse struts.
Where did the temple stood?,the temple stood on a mound supported by strong retaining walls,On a mound.
When it was probably build?,"probably built in the early archaic years (seventh century bc), it was destroyed at the end of the 3rd century bc. from an earthquake",In the early archaic years.
Where the earlier tributes are placed?,"then only the n house is repaired and the earlier tributes were placed in a specially designed shelter, measuring three by  two meter, with the tributes placed in relative order on shelves or boxes, or hung on the walls",In a specially designed shelter.
What is based on the available data?,"based on the available data, an attempt has been made to restore both the first and second phases of use of the sanctuary with plans drawn up by the archaeologist-designer yiannis nakas, under the guidance of alexandros mazarakis ainiana",A restoration attempt
What goods were found?,"gold, silver, copper, bone jewelry such as earrings, rings, bracelets, buckles, forks, plates, necklace beads and various types of periaptas were found inside the shelter of the temple of kythnos","Gold, silver, copper, bone jewelry, rings, bracelets, buckles, forks, plates, necklace beads and various types of periaptas."
What are many of these?,"many of these are of crystal, vitreous, faience, semi-precious stones, electrum (amber) and coral","Crystal, vitreous, faience, semi-precious stones, electrum (amber) and coral."
What is among the finds?,"among the finds are carved ivory discs and incised tiles, egyptian scarabs, phoenician bearded heads, throne-type female clay figurines seated figure and numerous intact decorated vases (most of them ornamental) imported from various regions of the aegean area","Carved ivory discs and incised tiles, egyptian scarabs, phoenician bearded heads, throne-type female clay figurines seated figure and numerous intact decorated vases."
What was also found?,"hundreds of shells were also found, as well as a few bones of small animals (among them several ankles - guts) and a few of birds","Hundreds of shells, as well as a few bones of small animals."
What was discovered south east?,"south-east of the temple were discovered two altars, in the area of which traces of burning and burnt animal bones were found, and an extensive repository along the fortified wall of the city, which also contained hundreds of valuable offerings of various kinds, similar to those found inside temple",Two altars.
What additional building came to light?,"in addition to the buildings connected with the religious life of the city, an important public building that came to light is the building complex that was revealed on the northwest side of the middle plateau, on the plateau that develops lower than the archaic temple (building three) to the west, where it was probably located the market of hellenistic times",An important public building.
What building it was?,"it is a two-story building of the late classical period, measuring seventeen by ten meters. it presents at least two main architectural phases",A two-story building of the late classical period.
When the oldest dates back?,the oldest dates back to around the middle of the fourth century,Around the middle of the fourth century.
What seems to had happened to the building?,"the building seems to have suffered some destruction and significant repair during the hellenistic period, probably in the second century",It suffered some destruction and significant repair.
Where the straicase led?,"a monumental staircase in the middle of the building led to the first floor, where the apparently official apartments were located: room a with the liturgical hearth, the b-c with paved floor (and partly shaped natural rock) probably used for meals, north west room g whose use remains unknown (it survived at a level below the floor) and a series of rooms that must have had wooden floors, above spaces d and h, south of the scale and f-t, north of it",To the first floor.
What seems to be this room?,room f seems to have been the place where most of the utensils and objects related to the use of the building were kept,A place where most of the utensils and objects related to the use of the building were kept.
Did food preparation took place?,this is also where the food preparation must have taken place,Yes.
With what did room communicated?,"after all, as we mentioned above, room f communicated with the upper floor, where the official rooms of the public building must have been, by the internal staircase",With the upper floor.
Which one was the storeroom?,the small underground room h was certainly a storeroom (of pitheons?),Room H.
How the access was done?,access here must have been through a hatch in the wooden floor of the first floor,Through a hatch in the wooden floor.
Which one was a storage room as well?,"room d seems to have been a storage room as well, and in the first phase it may have communicated with room h, with an opening in its ne corner",Room D.
Did the room D communicated with the room E?,"it is not excluded that d also communicated with room e and the staircase, if we accept that wall thirteen is a later addition when it was decided after the first disaster that the building suffered to fill the room with soil that contained almost all its contents room f",Yes it did.
What happened to south east hall?,"the south east hall was paved, while a hearth was found in the northeast",It was paved.
What was this building used for?,"we assume that it is a building of a public, perhaps even commercial character, while the construction in the middle of the north-eastern room seems to have had a religious purpose",For public or even commercial character.
What hearth it is?,"perhaps it is the sacred hearth, where the goddess hestia is worshiped and burns an unquenchable flame of the city",A sacred hearth.
When the building is dated?,"the findings allow the building to be dated to the classical period, although the presence of numerous finds from the hellenistic period in the immediate embankments of the building probably indicate the use of the building during hellenistic times as well",To the classical period.
What was the use of the building?,"the possible public character of building five combined with the findings of the adjacent monumental analemma four do not rule out the version that in this area was the sought-after agora of the ancient city of kythnos and the building is probably identified with its rectory, while it is not excluded that it is identified with market law",It was the agora.
It is the latest building?,the three-aisled early christian basilica is the latest building of a religious nature in the ancient city until today,Yes it is.
What did it had?,it has an almost square plan from which the arch of the sanctuary protrudes to the east,An almost square plan.
Where did the entrances opened?,"the external entrances open on the side walls of the narthex, since the ground was elevated to the west",On the side walls of the narthex.
Why is there unevenness on the floors?,the unevenness of the floors of the rooms is due to the morphology of the ground.each aisle communicated directly with the narthex,Due to the morphology of the ground.
How many phases can be distinguished?,"three main phases can be distinguished from the monument complex construction, the one where the separation of the aisles is done with alternating pessos and columns is noted, as well as the last one where the transoms are sealed leaving small passages between the aisles",Three main phases can be distinguished.
What marble members were used for?,"marble members were used as spolia in the building, such as facings of ancient monuments, pedestals, propellers of an ionic colonnade probably of archaic times and a table in two fragments with a lion's foot finial",As spolia in the building.
What was found?,"two fragmentarily preserved inscriptions were found,the one dating from the beginning of the 4th century bc, the other engraved on a tabula ansata honoring the emperor vespasian or domitian of the 1st century ad",Two fragmentarily preserved inscriptions.
Where the throne was formed?,synthron with episcopal throne is formed in the arch,In the arch.
What was also discovered?,"important items were also discovered, such as a marble colonnade, a circular marble table, a part of an iron cross, a bronze candelabrum with a hanging chain from the second half of the 6th century ορ early 7th century and lead beaker with incised decoration and tall foot","Important items, such as a marble colonnade, a circular marble table, a part of an iron cross and a bronze candelabrum."
What came to light?,"under the disturbed floor of the apse, a layer of broken early byzantine vessels came to light, such as short pots, late roman amphora 2 and mainly a large number of fragments from the body of cylindrical amphorae of the late roman amphora 1 type, dating mainly to the 6th century and the beginning of the 7thunder the layer on the longitudinal axis of the temple, a small rectangular excavation in the natural rock was revealed in the form of a case with a covering plate",Byzantine vessels.
Until when it was in operation?,"the basilica was in operation at least until the 7th century, without excluding its later use.",At least until the 7th century.
What is at the top of the acropolis?,"at the top of the acropolis, an important sanctuary occupies a dominant position, which, as surface finds show, was in use from the end of the 8th bc up to the 1st ad",An important sanctuary.
What was found after excavation?,"after excavation in the summer of 2021, the remains of at least 4 buildings came to light (buildings three to six)",The remains of at least 4 buildings.
What the type of finds led to?,the type of finds led to the safe conclusion that the sanctuary was dedicated to the worship of both demeter and kore,That the sanctuary was dedicated to the worship of both Demeter and Kore.
What was found during the excavations?,"during the excavation, hundreds of clay archaic-hellenistic figurines were found many of them intact, just as many archaic-roman lamps and mixed ritual vessels",Hundreds of clay archaic-hellenistic figurines.
What does the offerings include?,"the offerings also include some bronze, silver, bone and glass jewelry, marble vessels, and a marble hand that probably holds a torch"," Bronze, silver, bone and glass jewelry, marble vessels, and a marble hand."
Are the vessels identified?,several vessels of probably roman age from the interior of the temple (building four) are identified as ritual as they have inscriptions carved before firing and are dedications by women to demeter and kori,Yes they are.
What was revealed?,"in the sanctuary, in 2021, four buildings and a retaining wall in the east connecting buildings three and four were revealed",Four buildings and a retaining wall.
What dimensions did it had?,"building three, twenty one meters long and eight point five meters wide, with trapezoidal masonry and a monumental entrance in the middle of the elongated north wall, dates to the classical period",Twenty one meters long and eight point five meters wide.
What dimensions it has?,"the bilateral building four, measuring seven point five by seven point five meters, is matched with the temple of the classical times",Seven point five by seven point five meters.
What was found?,"three ritual cases of upright stone slabs were found, partially embedded in a layer of ash containing many burnt animal bones",Three ritual cases of upright stone slabs.
What configuration did it had?,"western building six is configured internally on at least three stepped levels, probably to serve cult purposes",Three stepped levels.
What dimensions does it have?,"east building five, measuring three point eight by three point eight meters, contained as a filling under its floor many intact lamps from the archaic, classical and hellenistic periods, as well as various votive offerings",Three point eight by three point eight meters.
What is between the main temple and buildings?,"finally, between the main temple and buildings five and three, a rampart is formed with an entrance from the east, which defined at some point, during the long course of use of the sanctuary (7th century bc to 3rd 4th century ad) a extensive depository containing innumerable votives",A rampart.
Where does the importance of the sanctuary lies?,the importance of the sanctuary lies in the close relationship witnessed with the famous sanctuary of demeter in eleusis,In the close relationship witnessed with the famous sanctuary of demeter in eleusis.
What was in presence?,"many piglets were in the presence in their place and in the abundance of votive offerings that seem to be related to nightly ceremonies during the thesmophoria, in which women who resided within the sanctuary took part",Many piglets.
What was excavated?,"in the southern sector of the acropolis, two building complexes (buildings one and two) were excavated, which appear to have been built in the early archaic period and remained in use until at least the hellenistic period",Two building complexes.
What can we speculate?,both the nature of the remains and the few findings allow us to speculate that the southern part of the acropolis was intended for habitats of perhaps a military nature,That the southern part of the acropolis was intended for habitats of perhaps a military nature.
What it is possible to be here?,here it would be possible to be the headquarters of the macedonian garrison that philip e established in kythnos in 201 bc.,The headquarters of the macedonian garrison.
What did the ancient city had?,the ancient city had two necropolises outside the walls,Two necropolises outside the walls.
What occupies a large area?,"the main cemetery of the ancient city occupies a large area outside the southern part of the wall, while groups of tombs can also be seen outside the northwestern gate",The main cemetery of the ancient city.
What was found from the excavations?,"from the excavations of the years from one thousand ninty one to ninty six, to an area of approximately four hundred square meter sixty eight (68) burials were found",Sixty eight burials.
What came to light?,"out of the 68 burials that came to light, 62 were found arrested and only 6 unclaimed",Burials.
What was found?,"out of the total number of graves, 41 definitely belong to adults, 17 graves that were found very damaged seem to have belonged to adults as well, while only 8 of the total were children's and two of infants",Graves.
How many skeletons are preserved?,"few skeletons are preserved in good condition, so it is difficult to identify the sex and age of the individuals",Few of them.
What was found?,"of the total number of graves, 66 are box-shaped carved into the natural rock and there is only one inhumation in a sharp-bottomed amphora, although a child's burial in a beehive",Graves.
Where the graves were carved?,the graves were carved densely and almost parallel to each other on the downhill slope of the diocese,Yes they were.
What can be speculated from the fragents found?,from the fragments of vessels recovered from most of the burials it appears that almost all the graves were endowed,That almost all the graves were endowed.
What were the usual offerings?,"the usual grave offerings were vessels, and these are mainly vessels of small size, such as olpes, lekythia and incense containers, but also drinking vessels, such as kyathia and scyphidia",Vessels.
What were the most common grave goods?,"the most common grave goods are lamps, which were found in all the box-shaped undisturbed graves.",Lamps.
What was found on the upper plateau?,"on the southern upper plateau of the islet, a monumental relief, nearly twenty two meters long, was discovered which can tentatively be dated to the classical times both from its isostructural masonry and from the pottery collected within the layer of lapis associated with its construction",A monumental relief.
Is the quality of the findings good?,"the findings are of exceptional quality pottery from the geometric and archaic periods, as well as some findings of an undoubtedly votive nature",Yes they are.
What was found near the analemma?,"at a distance of five meters east of the analemma, the carved rock forms a rectangular outcrop that is highly eroded today, appears to be identified with a monumental altar",A rectangular outcrop.
What embankment forms?,"the embankment forms a kind of platform four point five meters high, to the west of which the natural rock forms a spacious cairn with numerous traces of ancient excavations, some of which seem to relate to some monumental temple which was apparently founded here",A kind of platform.
Do we know the worshiped deities?,the identity of the worshiped deity remains unknown at present,No they remain unkown.
What was collected?,excellent quality ceramics of the geometric and archaic periods were collected from the area,Excellent quality ceramics of the geometric and archaic periods.
What shapes are there?,"the shapes are mainly small closed ones, such as hydrias, oenochoes and fountains, while there is no shortage of miniatures",Small closed ones.
What is among the finds?,"among the finds are a few clay figurines, mostly of female figures, and some bronze votives, such as miniature buckles and other jewelry",Few clay figurines.
Where the finds refer to?,the finds here probably refer to some female deity,Some female deity.
Where the finds lead to?,"the finds lead to the conclusion that the rampart was built during classical times in order to create a foundation for the construction of a temple, of which only some excavations are preserved in the bedrock as the settlement of the early christian period developed in the area",To the conclusion that the rampart was built during classical times.
When the excavations were done?,"from two thousand eight to twenty, excavation work continued on the islet of vryokastraki, a site with continuous habitation from the tenth century bc to the seventh century ad and sporadic indications of human presence during the 12th century bc",From two thousand eight to twenty.
What is clear indicated?,"clear indications of a cycladic settlement come from places carved into the natural rock, in which pottery from the third millennium was found",A cycladic settlement.
What the initial findings indicate?,"the initial findings indicate based on the surface research, that the core of the original habitation of the ancient city was the rock island and that the population of the city shrank here in the paleo-christian years, shortly before the site was finally abandoned and its remaining inhabitants moved to upper citadel known today as the castle of oria or katakefalo",That the core of the original habitation of the ancient city was the rock island.
Was the islet connected to coast?,"the rocky islet, until at least late antiquity, must have been connected to the coast by a narrow isthmus",By a narrow isthmus.
What came to light?,the building remains and the finds that came to light attest to the centuries-old use of the island,The building remains.
What was excavated?,"a three-aisled early christian basilica was excavated, an oblong building of late antiquity, consisting of 15 rooms in a row, part of the coastal wall and a monumental monument of classical times belonging to a sanctuary of the geometric to classical period",A three-aisled early christian basilica was excavated.
What was found?,"a proto-byzantine three-aisled church was found which is the evolution of ""secular"" worship into a christian three-aisled one and the sanctuary with its analimma and the monumental altar, whose worship is the oldest in vryokastro 10th century bc",A proto-byzantine three-aisled church.
What was dated?,on the islet we have the earliest and later structures that have been dated.,The structures.
Who was worshiped on this building?,"This building  was a cult building where the worship of the god Asklepios, the goddess Aphrodite and other Samothracian Gods was done","The god Asklepios, the goddess Aphrodite and other Samothracian Gods."
What deities were worshiped here?,"This building  was a cult building where the worship of the god Asklepios, the goddess Aphrodite and other Samothracian Gods was done","The god Asklepios, the goddess Aphrodite and other Samothracian Gods."
When was the Doric portico destroyed?,"It has Doric portico, which in its original phase was single or more likely abolished, in Roman times by the construction of a transverse wall",In the Roman times.
What survices in its original placement?,"The walls of the building were plastered with red mortar which survives its original placement in some places, both internally and externally",A red mortar.
What was done there?,It was a place where dinners were held,Dinners were held.
Where is the water tank is carved into?,"In the southeast corner of the building is the opening of the water tank, carved into the natural rock",In the natural rock.
When it is dated?,It was dated to the late Classical to early Hellenistic times,To the late Classical to early Hellenistic times.
What kind of building this was?,This building was a ancillary building to building one,An ancillary building to building one.
Why is is this area important?,This area is important among other things because of the presence of many marble sculptures and also inscriptions,Because of the presence of many marble sculptures and also inscriptions.
When was this building built?,It was dated to the late Classical to early Hellenistic times.,To the late Classical to early Hellenistic times.
For what it was used?,It was used for religious purposes,For religious purposes.
What was found durint the excavations?,"During its excavation, a lot of pottery, figurines, lighting vessels and several animal bones were found","A lot of pottery, figurines, lighting vessels and several animal bones."
It is the most important area?,It is the most important excavated complex in the area of the ancient city,Yes it is.
From when this sanctuary was?,"It is a sanctuary of the Archaic, Classical and Hellenistic times","From Archaic, Classical and Hellenistic times."
To whom it was dedicated to?,It was probably dedicated to the sister deities Apollo and Artemis,To the deities Apollo and Artemis.
To when the mot valuable findings were dated?,The most valuable findings there were dated from archaic times,From archaic times.
To whom it was dedicated?,It was probably dedicated to the sister deities Apollo and Artemis,To the deities Apollo and Artemis.
As what this building was used?,This building was probably used as the market of Hellenistic times,As the market of Hellenistic times.
What was the room H?,The small underground room H was certainly a storeroom,A storeroom.
What the findings allow to estimate?,The findings allow the building to be dated to the Classical period,They allow the building to be dated to the Classical period.
What was found during the excavations?,"During its excavation, a lot of pottery, figurines, lighting vessels and several animal bones were found","A lot of pottery, figurines, lighting vessels and several animal bones."
Where the important sanctuary occupies a dominant position?,"At the top of the Acropolis, an important sanctuary occupies a dominant position",At the top of the Acropolis.
What dimensions Building five did it had?,"East Building five, measuring three point eight by three point eight meters, contained as a filling under its floor many intact lamps from the Archaic, Classical and Hellenistic periods, as well as various votive offerings",Three point eight by three point eight meters.
What dimensions Buidling four had?,"The bilateral Building four, measuring seven point five by seven point five meters, is matched with the temple of the classical times",Seven point five by seven point five meters.
What clear indications were found?,Clear indications of a Cycladic settlement was found,Cycladic settlement
What was found?,"Two fragmentarily preserved inscriptions were found,the one dating from the beginning of the 4th century BC, the other engraved on a tabula ansata honoring the emperor Vespasian or Domitian of the 1st century AD",Two fragmentarily preserved inscriptions.
