passages,questions
It is a cult building in which the worship of the god asklepios and the goddess aphrodite was housed,Which gods were worshiped here?
the building also housed the worship of the samothracian gods,What also the building housed?
"it is an oblong building with dimensions of seventeen point fourty to eleven point fifty meters, made of slate, which consists of two independent rooms opening to the east on a doric portico",What building it is and what dimensions it has?
"it is erected on a strong rise in the west, with a maximum surviving height of two point eighty meters",Where it is build?
"the walls of the building were plastered with red mortar which survives its original placement in some places, both internally and externally",With what the walls were plastered?
"according to the excavator, the different configuration of the pebbles in contact with the wall is a clear indication of the placement of couches around the perimeter of the walls, possibly for holding dinners or for sleeping",What the different configuration of pebbles indicates according to the excavator?
"the smaller space preserves the foundation of a pedestal, measuring one twenty x zero eighty meters, probably intended to support a cult statue",What is the use of this smaller space?
"the doric portico, which in its original phase was single, was divided, or more likely abolished in roman times",When  the doric portico was abolished?
"in contact with the pilaster is the opening of the water tank, carved into the natural rock",What is in contact with the pilaster?
"the filling of the tank was achieved through an overflow channel, which connected the tank to the collector",How the filling of the tank was achieved?
the water was directed from the roof to the collector and ended up in the tank through a pipe,How the water was directed?
"the interior of both the collector and the tank was covered with hydraulic mortar, making the tank watertight",With what the collector and the tank was covered?
"the proximity of the reservoir to the building attests to the inseparable relationship between the two and that the water collected was intended for the needs of the sanctuary, while the collector could also serve as a purification tank",What the proximity attests?
"a marble head of asclepius from the late hellenistic period, as well as an inscribed colonnade of the first second century, dedicated to asclepius by a certain callisto where found",What was found?
"a small head of aphrodite from the hellenistic period, and a clay head of demeter from a large figurine from the late classical period was found also",What was also found?
this building is dated to the late classical to early hellenistic times.,From when the building is dated?
"the elongated broad-fronted building two is directly connected to building one due to the proximity of the two, and is likely to be an ancillary building associated with the cult building one",With what is building two connected?
its construction dates back to the hellenistic period,When the construction is dated?
it is possible that it had a religious function. ,What function did it had?
"it has dimensions of twenty by three by eight meters and has four rectangular rooms of about four meters, which communicate with a corridor to the east, two meters wide",What dimensions did it had?
"access to the building was via steps in the long narrow corridor, from the south and north sides",How the building was accesed?
"the interior spaces are preserved at the level of the sub-foundation, from the excavation of which findings from the geometric to hellenistic times came to light like relief pithos, attic ink vessels, relief skyphos, textile weights, commercial amphorae, figurines and bronze articles of clothing are mentioned as examples",What came to light from the excavations?
based on their masonry and the study of their finds,On what it was based?
"buildings one and two seem to be dated to the late classical to early hellenistic times, a period where there seems to be a plan to commemorate the upper city, with the construction of monumental buildings",When the buildings are dated?
"between the buildings, a four-meter-wide scale is inserted that ended in a simple propyla",What is between the buildings?
"it probably forms the upper part of the central staircase that started from the port, passed through the central fountain and ended in the sanctuaries of the upper city",What did it formed?
"during its excavation, a lot of pottery, figurines, lighting vessels and several animal bones were found, some of which probably come from building one",What was found during the excavations?
"this area received some significant intervention in the roman period, when reddened earth, with many animal bones and pottery (mainly hellenistic-roman lamps), probably from the altar area, were piled up there and the stepped access in the se corner was formed of building two",Did this area received significant intervention?
corresponding stepped accesses to the plateau came to light both parallel to the south side of building one and to the north of building two,What came to light?
"this area with buildings one and two is important among other things because of the presence of many marble sculptures and also inscriptions, which are rare from kythnos, which lead to the identification of the deities worshiped here",Why is this area important?
the cult of asclepius can be connected with the hot springs of kolona and loutra.,With what can the cult of asclepius be connected?
the most important excavated complex in the area of the ancient city to date is the sanctuary of the middle plateau,Which is the most important excavated area?
"it is a sanctuary of the archaic, classical and hellenistic times",When is the sanctuary dated?
"the sanctuary (with the temple, building three) systematically excavated until two thousand and six was probably dedicated to the sister deities apollo and artemis, and its excavation yielded hundreds of valuable dedications (about one thousand and five hundred) from a wide range of materials, as the "" shelter"" of the temple in which they were placed was untouched and all the artefacts were found in their place (in situ)",Which deities are worshiped here?
these are mostly valuable tributes mostly dated in archaic times,What tributes are they?
"these findings seem to come from many areas not only of the aegean but also of the mediterranean in general, underlining the importance and radiance of the sanctuary in question",From where these findings come from?
"both the wealth and the varied and exotic origins of the finds lead to the revision of the image of relative poverty we had formed for ancient kythnos, which, until now, arose from the scant philological and epigraphic evidence available",What can be estimated from the finds?
"the special significance of the sanctuary lies in the fact that the ""shelter"" of the temple was found undisturbed, something extremely rare for an ancient temple",Where the special significance lie?
"regarding the form of the temple, it is a rectangular doric building in the doric style made of slate with the addition of conch shells to the upper structure",What form does the temple had?
it had dimensions of eight point five x two point nine m and a western orientation. the temple had a twin house with a common partition and facade,What dimensions did it had?
the temple surrounds a foundation outside with diameter about fourteen eight pont sixty five meters,What diameter the temple had?
"some transverse struts connecting the main temple to this foundation, creating the image of a rectangular grid, were added during hellenistic times in order to strengthen the building, which was apparently in danger of collapsing",What was added to the main temple?
the temple stood on a mound supported by strong retaining walls,Where did the temple stood?
"probably built in the early archaic years (seventh century bc), it was destroyed at the end of the 3rd century bc. from an earthquake",When it was probably build?
"then only the n house is repaired and the earlier tributes were placed in a specially designed shelter, measuring three by  two meter, with the tributes placed in relative order on shelves or boxes, or hung on the walls",Where the earlier tributes are placed?
"based on the available data, an attempt has been made to restore both the first and second phases of use of the sanctuary with plans drawn up by the archaeologist-designer yiannis nakas, under the guidance of alexandros mazarakis ainiana",What is based on the available data?
"gold, silver, copper, bone jewelry such as earrings, rings, bracelets, buckles, forks, plates, necklace beads and various types of periaptas were found inside the shelter of the temple of kythnos",What goods were found?
"many of these are of crystal, vitreous, faience, semi-precious stones, electrum (amber) and coral",What are many of these?
"among the finds are carved ivory discs and incised tiles, egyptian scarabs, phoenician bearded heads, throne-type female clay figurines seated figure and numerous intact decorated vases (most of them ornamental) imported from various regions of the aegean area",What is among the finds?
"hundreds of shells were also found, as well as a few bones of small animals (among them several ankles - guts) and a few of birds",What was also found?
"south-east of the temple were discovered two altars, in the area of which traces of burning and burnt animal bones were found, and an extensive repository along the fortified wall of the city, which also contained hundreds of valuable offerings of various kinds, similar to those found inside temple",What was discovered south east?
"in addition to the buildings connected with the religious life of the city, an important public building that came to light is the building complex that was revealed on the northwest side of the middle plateau, on the plateau that develops lower than the archaic temple (building three) to the west, where it was probably located the market of hellenistic times",What additional building came to light?
"it is a two-story building of the late classical period, measuring seventeen by ten meters. it presents at least two main architectural phases",What building it was?
the oldest dates back to around the middle of the fourth century,When the oldest dates back?
"the building seems to have suffered some destruction and significant repair during the hellenistic period, probably in the second century",What seems to had happened to the building?
"a monumental staircase in the middle of the building led to the first floor, where the apparently official apartments were located: room a with the liturgical hearth, the b-c with paved floor (and partly shaped natural rock) probably used for meals, north west room g whose use remains unknown (it survived at a level below the floor) and a series of rooms that must have had wooden floors, above spaces d and h, south of the scale and f-t, north of it",Where the straicase led?
room f seems to have been the place where most of the utensils and objects related to the use of the building were kept,What seems to be this room?
this is also where the food preparation must have taken place,Did food preparation took place?
"after all, as we mentioned above, room f communicated with the upper floor, where the official rooms of the public building must have been, by the internal staircase",With what did room communicated?
the small underground room h was certainly a storeroom (of pitheons?),Which one was the storeroom?
access here must have been through a hatch in the wooden floor of the first floor,How the access was done?
"room d seems to have been a storage room as well, and in the first phase it may have communicated with room h, with an opening in its ne corner",Which one was a storage room as well?
"it is not excluded that d also communicated with room e and the staircase, if we accept that wall t thirteen is a later addition when it was decided after the first disaster that the building suffered to fill the room with soil that contained almost all its contents room f",With what the room D communicated with the room E?
"the south east hall was paved, while a hearth was found in the northeast",What happened to south east hall?
"we assume that it is a building of a public, perhaps even commercial character, while the construction in the middle of the north-eastern room seems to have had a religious purpose",What was this building used for?
"perhaps it is the sacred hearth, where the goddess hestia is worshiped and burns an unquenchable flame of the city",What hearth it is?
"the findings allow the building to be dated to the classical period, although the presence of numerous finds from the hellenistic period in the immediate embankments of the building probably indicate the use of the building during hellenistic times as well",When the building is dated?
"the possible public character of building five combined with the findings of the adjacent monumental analemma four do not rule out the version that in this area was the sought-after agora of the ancient city of kythnos and the building is probably identified with its rectory, while it is not excluded that it is identified with market law",What was the use of the building?
the three-aisled early christian basilica is the latest building of a religious nature in the ancient city until today,It is the latest building?
it has an almost square plan from which the arch of the sanctuary protrudes to the east,What did it had?
"the external entrances open on the side walls of the narthex, since the ground was elevated to the west",Where did the entrances opened?
the unevenness of the floors of the rooms is due to the morphology of the ground.each aisle communicated directly with the narthex,Why is there unevenness on the floors?
"three main phases can be distinguished from the monument complex construction, the one where the separation of the aisles is done with alternating pessos and columns is noted, as well as the last one where the transoms are sealed leaving small passages between the aisles",How many phases can be distinguished?
"marble members were used as spolia in the building, such as facings of ancient monuments, pedestals, propellers of an ionic colonnade probably of archaic times and a table in two fragments with a lion's foot finial",What marble members were used for?
"two fragmentarily preserved inscriptions were found,the one dating from the beginning of the 4th century bc, the other engraved on a tabula ansata honoring the emperor vespasian or domitian of the 1st century ad",What was found?
synthron with episcopal throne is formed in the arch,Where the throne was formed?
"important items were also discovered, such as a marble colonnade, a circular marble table, a part of an iron cross, a bronze candelabrum with a hanging chain from the second half of the 6th century ορ early 7th century and lead beaker with incised decoration and tall foot",What was also discovered?
"under the disturbed floor of the apse, a layer of broken early byzantine vessels came to light, such as short pots, late roman amphora 2 and mainly a large number of fragments from the body of cylindrical amphorae of the late roman amphora 1 type, dating mainly to the 6th century and the beginning of the 7thunder the layer on the longitudinal axis of the temple, a small rectangular excavation in the natural rock was revealed in the form of a case with a covering plate",What came to light?
"the basilica was in operation at least until the 7th century, without excluding its later use.",Until when it was in operation?
"at the top of the acropolis, an important sanctuary occupies a dominant position, which, as surface finds show, was in use from the end of the 8th bc up to the 1st ad",What is at the top of the acropolis?
"after excavation in the summer of 2021, the remains of at least 4 buildings came to light (buildings three to six)",What was found after excavation?
the type of finds led to the safe conclusion that the sanctuary was dedicated to the worship of both demeter and kore,What the type of finds led to?
"during the excavation, hundreds of clay archaic-hellenistic figurines were found many of them intact, just as many archaic-roman lamps and mixed ritual vessels",What was found during the excavations?
"the offerings also include some bronze, silver, bone and glass jewelry, marble vessels, and a marble hand that probably holds a torch",What does the offerings include?
several vessels of probably roman age from the interior of the temple (building four) are identified as ritual as they have inscriptions carved before firing and are dedications by women to demeter and kori,Are the vessels identified?
"in the sanctuary, in 2021, four buildings and a retaining wall in the east connecting buildings three and four were revealed",What was revealed?
"building three, twenty one meters long and eight point five meters wide, with trapezoidal masonry and a monumental entrance in the middle of the elongated north wall, dates to the classical period",What dimensions did it had?
"the bilateral building four, measuring seven point five by seven point five meters, is matched with the temple of the classical times",What dimensions it has?
"three ritual cases of upright stone slabs were found, partially embedded in a layer of ash containing many burnt animal bones",What was found?
"western building six is configured internally on at least three stepped levels, probably to serve cult purposes",What configuration did it had?
"east building five, measuring three point eight by three point eight meters, contained as a filling under its floor many intact lamps from the archaic, classical and hellenistic periods, as well as various votive offerings",What dimensions does it have?
"finally, between the main temple and buildings five and three, a rampart is formed with an entrance from the east, which defined at some point, during the long course of use of the sanctuary (7th century bc to 3rd 4th century ad) a extensive depository containing innumerable votives",What is between the main temple and buildings?
the importance of the sanctuary lies in the close relationship witnessed with the famous sanctuary of demeter in eleusis,Where does the importance of the sanctuary lies?
"many piglets were in the presence in their place and in the abundance of votive offerings that seem to be related to nightly ceremonies during the thesmophoria, in which women who resided within the sanctuary took part",What was in presence?
"in the southern sector of the acropolis, two building complexes (buildings one and two) were excavated, which appear to have been built in the early archaic period and remained in use until at least the hellenistic period",What was excavated?
both the nature of the remains and the few findings allow us to speculate that the southern part of the acropolis was intended for habitats of perhaps a military nature,What can we speculate?
here it would be possible to be the headquarters of the macedonian garrison that philip e established in kythnos in 201 bc.,What it is possible to be here?
the ancient city had two necropolises outside the walls,What did the ancient city had?
"the main cemetery of the ancient city occupies a large area outside the southern part of the wall, while groups of tombs can also be seen outside the northwestern gate",What occupies a large area?
"from the excavations of the years from one thousand ninty one to ninty six, to an area of approximately four hundred square meter sixty eight (68) burials were found",What was found from the excavations?
"out of the 68 burials that came to light, 62 were found arrested and only 6 unclaimed",What came to light?
"out of the total number of graves, 41 definitely belong to adults, 17 graves that were found very damaged seem to have belonged to adults as well, while only 8 of the total were children's and two of infants",What was found?
"few skeletons are preserved in good condition, so it is difficult to identify the sex and age of the individuals",How many skeletons are preserved?
"of the total number of graves, 66 are box-shaped carved into the natural rock and there is only one inhumation in a sharp-bottomed amphora, although a child's burial in a beehive",What was found?
the graves were carved densely and almost parallel to each other on the downhill slope of the diocese,Where the graves were carved?
from the fragments of vessels recovered from most of the burials it appears that almost all the graves were endowed,What can be speculated from the fragents found?
"the usual grave offerings were vessels, and these are mainly vessels of small size, such as olpes, lekythia and incense containers, but also drinking vessels, such as kyathia and scyphidia",What were the usual offerings?
"the most common grave goods are lamps, which were found in all the box-shaped undisturbed graves.",What were the most common grave goods?
"on the southern upper plateau of the islet, a monumental relief, nearly twenty two meters long, was discovered which can tentatively be dated to the classical times both from its isostructural masonry and from the pottery collected within the layer of lapis associated with its construction",What was found on the upper plateau?
"the findings are of exceptional quality pottery from the geometric and archaic periods, as well as some findings of an undoubtedly votive nature",Is the quality of the findings good?
"at a distance of five meters east of the analemma, the carved rock forms a rectangular outcrop that is highly eroded today, appears to be identified with a monumental altar",What was found near the analemma?
"the embankment forms a kind of platform four point five meters high, to the west of which the natural rock forms a spacious cairn with numerous traces of ancient excavations, some of which seem to relate to some monumental temple which was apparently founded here",What embankment forms?
the identity of the worshiped deity remains unknown at present,Do we know the worshiped deities?
excellent quality ceramics of the geometric and archaic periods were collected from the area,What was collected?
"the shapes are mainly small closed ones, such as hydrias, oenochoes and fountains, while there is no shortage of miniatures",What shapes are there?
"among the finds are a few clay figurines, mostly of female figures, and some bronze votives, such as miniature buckles and other jewelry",What is among the finds?
the finds here probably refer to some female deity,Where the finds refer to?
"the finds lead to the conclusion that the rampart was built during classical times in order to create a foundation for the construction of a temple, of which only some excavations are preserved in the bedrock as the settlement of the early christian period developed in the area",Where the finds lead to?
"from two thousand eight to twenty, excavation work continued on the islet of vryokastraki, a site with continuous habitation from the tenth century bc to the seventh century ad and sporadic indications of human presence during the 12th century bc",When the excavations were done?
"clear indications of a cycladic settlement come from places carved into the natural rock, in which pottery from the third millennium was found",What is clear indicated?
"the initial findings indicate based on the surface research, that the core of the original habitation of the ancient city was the rock island and that the population of the city shrank here in the paleo-christian years, shortly before the site was finally abandoned and its remaining inhabitants moved to upper citadel known today as the castle of oria or katakefalo",What the initial findings indicate?
"the rocky islet, until at least late antiquity, must have been connected to the coast by a narrow isthmus",Was the islet connected to coast?
the building remains and the finds that came to light attest to the centuries-old use of the island,What came to light?
"a three-aisled early christian basilica was excavated, an oblong building of late antiquity, consisting of 15 rooms in a row, part of the coastal wall and a monumental monument of classical times belonging to a sanctuary of the geometric to classical period",What was excavated?
"a proto-byzantine three-aisled church was found which is the evolution of ""secular"" worship into a christian three-aisled one and the sanctuary with its analimma and the monumental altar, whose worship is the oldest in vryokastro 10th century bc",What was found?
on the islet we have the earliest and later structures that have been dated.,What can be dated?
